Date,Week,Task,Status
2025-07-22,Week 1: Foundation Setup + Core Architecture,Finalize tech stack,ðŸ”² To Do
2025-07-23,Week 1: Foundation Setup + Core Architecture,"Setup repo, CI/CD, deployment pipeline",ðŸ”² To Do
2025-07-24,Week 1: Foundation Setup + Core Architecture,Design UI wireframes and dashboard layout,ðŸ”² To Do
2025-07-25,Week 1: Foundation Setup + Core Architecture,Implement user authentication (OAuth + RBAC),ðŸ”² To Do
2025-07-26,Week 1: Foundation Setup + Core Architecture,Create base for Universal Dashboard UI,ðŸ”² To Do
2025-07-27,Week 1: Foundation Setup + Core Architecture,Draft API integration strategy (REST/GraphQL),ðŸ”² To Do
2025-07-28,Week 2: Core Integrations & Dashboard Features,Integrate GitHub/GitLab for repo and issue data,ðŸ”² To Do
2025-07-29,Week 2: Core Integrations & Dashboard Features,Connect Jenkins / GitHub Actions,ðŸ”² To Do
2025-07-30,Week 2: Core Integrations & Dashboard Features,Connect Jira or GitHub Issues,ðŸ”² To Do
2025-07-31,Week 2: Core Integrations & Dashboard Features,"Build dashboard widgets (pipelines, issues)",ðŸ”² To Do
2025-08-01,Week 2: Core Integrations & Dashboard Features,Create role-based views,ðŸ”² To Do
2025-08-02,Week 2: Core Integrations & Dashboard Features,Add webhook support for real-time updates,ðŸ”² To Do
2025-08-03,"Week 3: Infrastructure, Monitoring, and Alerting",Integrate AWS/GCP/Azure,ðŸ”² To Do
2025-08-04,"Week 3: Infrastructure, Monitoring, and Alerting",Show cloud infrastructure resources,ðŸ”² To Do
2025-08-05,"Week 3: Infrastructure, Monitoring, and Alerting","Pull data from Prometheus, Grafana, or New Relic",ðŸ”² To Do
2025-08-06,"Week 3: Infrastructure, Monitoring, and Alerting",Setup alert correlation engine,ðŸ”² To Do
2025-08-07,"Week 3: Infrastructure, Monitoring, and Alerting",Develop Unified Alerts UI,ðŸ”² To Do
2025-08-08,"Week 3: Infrastructure, Monitoring, and Alerting",Implement historical charting for pipelines,ðŸ”² To Do
2025-08-09,"Week 4: Security, Compliance & Final Touches",Integrate OWASP dependency check,ðŸ”² To Do
2025-08-10,"Week 4: Security, Compliance & Final Touches",Add Security & Compliance tab,ðŸ”² To Do
2025-08-11,"Week 4: Security, Compliance & Final Touches",Finalize plugin system,ðŸ”² To Do
2025-08-12,"Week 4: Security, Compliance & Final Touches",Add Slack or Teams integration,ðŸ”² To Do
2025-08-13,"Week 4: Security, Compliance & Final Touches",Add documentation & onboarding wizard,ðŸ”² To Do
2025-08-14,"Week 4: Security, Compliance & Final Touches",Perform testing & launch Early Adopter Beta,ðŸ”² To Do
